plots,Adiantum_humile,Alsophila_cuspidata,Alsophila_sp.1,Amauropelta_caucaensis,Amauropelta_pachyrachis,Ananthacorus_angustifolius_,Asplenium_cf._laetum,Asplenium_cf._miradorense,Asplenium_juglandifolium,Asplenium_pearcei,Asplenium_serratum,Asplenium_sp.1,Asplenium_sp.2,Astolepis_sp.2,Athyrium_ferulaceum,Blechnum_divergens,Blechnum_fragile,Blechnum_occidentale,Blechnum_sp.1,Blechnum_sp.2,Blechnum_sp.3,Blechnum_sp.4,Campyloneurum_cf._coarctatum,Campyloneurum_fuscosquamatum,Campyloneurum_phyllitidis,Campyloneurum_sp.3,Campyloneurum_sp.4,Cyathea_cf._sp.7,Cyathea_cf._tortuosa,Cyathea_gibbosa,Cyathea_sp.2,Cyathea_sp.3,Cyathea_sp.4,Cyathea_sp.7,Cyclodium_meniscioides,Danaea_moritziana,Danaea_nodosa,Dennstaedtia_obstusifolia,Dennstaedtia_sp.1,Dennstaedtia_sp.2,Dennstaedtia_sp.3,Didymochlaena_truncatula,Diplazium_cf._aberrans,Diplazium_pinnatifidum,Diplazium_sp.1,Diplazium_sp.2,Diplazium_tungurahuae,Elaphoglossum_cf._latifolium,Elaphoglossum_cf._nigrescens,Elaphoglossum_cf._paleaceum,Elaphoglossum_flaccidum,Elaphoglossum_gayanum,Elaphoglossum_luridum,Elaphoglossum_ovatum,Elaphoglossum_plumosum,Elaphoglossum_sp.1,Elaphoglossum_sp.10,Elaphoglossum_sp.4,Elaphoglossum_sp.7,Elaphoglossum_vagans,Elaphoglossum_wardiae,Elaphoglossum_yatesii,Huperzia_sp.1,indet_sp.10,indet_sp.12,indet_sp.13,indet_sp.3,indet_sp.5,indet_sp.7,indet_sp.8,Jamesonia_cheilanthoides,Jamesonia_goudotii,Lindsaea_divaricata,Lomaridium_ensiforme,Lomariocycas_aurata,Lomariopsis_sp.1,Megalastrum_sp.1,Melpomene_flabelliformis,Melpomene_zempoaltepetlensis,Metaxya_rostrata,Mickelia_lindigii,Microgramma_dictyophylla,Microgramma_percussa,Microgramma_sp.1,Microgramma_sp.2,Microgramma_sp.3,Microgramma_sp.4,Mycopteris_sp.1,Nephrolepsis_biserrata,Nephrolepsis_rivularis,Nephrolepsis_sp.1,Nephrolepsis_sp.2,Nephrolepsis_sp.3,Niphidium_sp.1,Oleandra_articulata,Olfersia_cervina,Parablechnum_sp.5,Pecluma_consimilis,Pecluma_dulcis,Phlebodium_decumanum,Phlegmariurus_crassus,Phlegmariurus_cumingii/Lycopodium_clavatum,Polybotrya_caudata,Polybotrya_crassirhizoma,Polybotrya_osmundaceae,Polypodium_sp.2,Polytaenium_citrifolium,Pteridium_sp.1,Pteris_propinqua,Pteris_sp.1,Pteris_sp.2,Saccoloma_elegans,Saccoloma_sp.2,Salpichlaena_papyrus,Salpichlaena_volubilis,Selaginella_exaltata,Selaginella_haematoides,Selaginella_pedata,Selaginella_sp.2,Selaginella_sp.3,Selaginella_sp.4,Selaginella_sp.5,Selaginella_sp.7,Serpocaulon_adnatum,Serpocaulon_caceresii,Serpocaulon_cf._loriceum,Serpocaulon_concolorum,Serpocaulon_dasypleuron,Serpocaulon_eleutherophlebium,Serpocaulon_fraxinifolium,Serpocaulon_maritimum,Serpocaulon_sp.1,Serpocaulon_sp.2,Sticherus_bifidus,Stigmatopteris_pellucidopunctata,Tectaria_andina,Tectaria_sp.3,Thelypteris_arborescens,Thelypteris_pennata,Thelypteris_sp.1,Thelypteris_sp.2,Thelypteris_sp.3,Thelypteris_sp.4,Trichomanes_accedens,Trichomanes_elegans,Trichomanes_sp.2,Trichomanes_sp.3,Trichomanes_sp.4
418,0,0,0,0,0,0,0,0,5,0,1,0,1,0,0,0,0,8,0,0,0,0,0,0,10,0,0,0,52,0,2,43,0,0,1,0,0,0,0,0,0,0,0,0,0,0,0,0,0,0,0,0,0,0,1,0,0,0,5,0,0,0,0,0,0,50,5,0,0,0,0,0,26,0,0,0,0,0,0,0,0,0,3,0,2,2,0,0,6,101,0,0,0,1,1,0,0,0,0,8,0,0,454,0,11,0,0,0,0,0,0,0,0,0,0,0,0,0,0,0,455,0,0,1,2,0,0,0,0,0,0,0,0,0,0,0,0,3,70,0,1,0,0,0,0,1,0,1
611,22,0,0,0,0,0,0,0,1,1,1,0,0,0,0,0,0,0,0,0,0,0,0,5,0,4,2,0,107,0,3,0,0,0,0,0,3,7,0,0,0,0,0,0,0,0,39,0,1,0,0,0,5,0,2,0,0,0,0,0,0,0,0,0,0,0,0,0,0,0,0,0,0,3,0,0,0,0,0,1,41,6,0,0,0,0,0,0,0,34,0,0,1,0,0,0,0,0,0,0,0,0,8,74,21,0,0,0,0,0,0,0,1,2,0,53,50,0,0,0,0,1,0,3,0,2,0,10,0,0,0,0,1,0,0,11,1,78,0,0,0,0,0,0,0,0,0,0
643,6,0,0,0,0,3,0,0,0,6,0,0,0,0,0,0,0,0,0,0,0,0,0,7,0,0,0,0,97,0,0,0,0,0,0,0,7,31,0,0,0,0,0,0,0,0,1,0,0,0,1,0,0,0,0,0,0,0,0,0,0,0,0,0,0,0,0,0,0,0,0,0,0,0,0,0,0,0,0,3,3,9,0,0,0,0,1,0,0,9,2,0,0,0,0,2,0,0,0,0,0,0,0,88,20,0,6,0,0,0,0,0,0,1,0,11,4,6,10,0,0,0,0,1,7,0,0,0,0,3,1,4,0,0,0,1,0,1,0,3,0,0,0,0,0,0,0,0
1558,0,9,0,0,0,2,0,1,0,0,0,7,11,0,0,0,0,0,0,0,0,0,0,0,0,0,0,0,0,5,0,0,1,0,0,39,1,0,0,0,1,0,0,0,1,1,16,0,0,0,0,0,0,0,0,0,0,0,0,0,0,0,0,2,0,0,0,0,0,0,0,0,0,0,0,0,0,0,0,0,0,0,0,0,0,0,0,0,0,0,0,0,0,0,0,0,0,0,1,0,0,0,0,0,172,0,0,0,9,0,0,0,0,49,1,0,0,0,0,0,0,0,138,0,0,0,0,0,0,0,0,0,0,0,0,0,0,0,0,2,0,1,3,0,1,0,0,0
1767,0,0,12,0,0,24,6,1,0,0,0,0,0,0,10,10,8,0,7,4,0,0,3,0,0,0,0,0,13,0,0,0,0,0,0,35,0,29,11,1,0,58,5,18,0,0,21,0,0,0,0,0,0,0,0,1,0,0,0,0,0,0,0,0,1,0,0,0,0,0,0,0,0,0,0,0,22,0,0,0,0,0,0,0,0,0,0,0,0,0,0,8,0,0,0,0,0,0,0,0,0,0,0,0,6,8,13,0,0,40,5,2,0,0,0,0,0,0,0,2,0,0,0,0,0,0,0,0,0,1,0,0,0,0,1,0,0,0,0,0,0,0,0,0,0,0,23,0
2018,0,0,0,0,0,0,0,0,0,0,0,0,0,0,0,0,0,0,0,0,0,0,0,0,0,0,0,2,0,0,0,0,0,122,0,0,0,0,0,0,0,0,0,0,0,0,0,51,0,0,0,0,0,0,0,0,0,3,0,5,0,0,0,0,0,0,0,1,15,1,0,0,0,0,0,1,0,1,0,0,0,0,0,43,0,0,0,0,0,0,0,0,0,0,0,0,0,18,0,0,0,0,0,0,0,0,0,0,0,0,0,0,0,0,0,0,0,0,0,0,0,0,0,0,0,0,3,0,0,0,0,0,0,4,0,0,0,0,0,0,0,0,0,34,0,0,241,0
3308,0,0,0,180,0,0,0,0,0,0,0,0,0,29,0,0,0,0,0,0,2,3,0,0,0,0,0,0,0,0,0,0,0,0,0,0,0,0,0,0,0,0,0,0,0,0,0,42,0,0,0,3,0,0,0,0,51,0,0,0,5,7,32,0,0,0,0,0,0,0,0,49,0,0,354,0,0,115,0,0,0,0,0,0,0,0,0,9,0,0,0,0,0,0,0,0,0,0,0,0,0,0,0,0,0,0,0,84,0,0,0,0,0,0,0,0,0,0,0,0,0,0,0,0,0,0,0,0,63,0,0,0,0,0,0,0,0,0,0,0,0,0,0,0,0,0,18,0
3447,0,0,0,629,3,0,0,0,0,0,0,0,0,0,0,0,0,0,0,0,0,0,0,0,0,0,0,0,0,0,0,0,0,0,0,0,0,0,0,0,0,0,0,0,0,0,0,67,0,0,0,38,0,4,0,0,0,0,0,0,4,67,0,0,0,0,0,0,0,0,18,0,0,0,4,0,0,111,2,0,0,0,0,0,0,0,0,0,0,0,0,0,0,0,0,0,3,0,0,0,0,0,0,0,0,0,0,49,0,0,0,0,0,0,0,0,0,0,0,0,0,0,0,0,0,0,0,0,131,0,0,0,0,0,0,0,0,0,0,0,0,0,0,0,0,0,47,0
3465,0,0,0,0,0,0,0,0,0,0,0,0,0,0,0,0,0,0,0,0,0,0,0,0,0,0,0,0,0,0,0,0,0,0,0,0,0,0,0,0,0,0,0,0,0,0,0,0,0,26,0,0,0,0,0,0,0,0,0,0,0,0,0,0,0,0,0,0,0,0,0,101,0,0,0,0,0,0,0,0,0,0,0,0,0,0,0,0,0,0,0,0,0,0,0,0,1041,0,0,0,0,68,0,0,0,0,0,0,0,0,0,0,0,0,0,0,0,0,0,0,0,0,0,0,0,0,0,0,0,0,0,0,0,0,0,0,0,0,0,0,0,0,0,0,0,0,0,0
3471,0,0,0,0,0,0,0,0,0,0,0,0,0,0,0,0,0,0,0,0,0,0,0,0,0,0,0,0,0,0,0,0,0,0,0,0,0,0,0,0,0,0,0,0,0,0,0,0,0,0,0,0,0,0,0,0,0,0,0,0,0,0,0,0,0,0,0,0,0,0,0,0,0,0,0,0,0,0,0,0,0,0,0,0,0,0,0,0,0,0,0,0,0,0,0,0,19,0,0,0,36,0,0,0,0,0,0,0,0,0,0,0,0,0,0,0,0,0,0,0,0,0,0,0,0,0,0,0,0,0,0,0,0,0,0,0,0,0,0,0,0,0,0,0,0,0,0,0
